Eif2s3y	
Cxxc5	
Gm50399	
Lad1	
Ppp1r14a	
Uty	
Ddx3y	
Ccdc88a	
Rhox9	
F3	
Sfrp1	
Psd2	
Phldb3	
Xlr3a	
Gprasp1	
Rtn4	
Cdc42bpg	
Tlnrd1	
Taok1	
3830417A13Rik	
Tiparp	
Mapk8	
Lgals1	
Lrp8os2	
Zfp469	
Cnot6	
Pcbp1	
Bmt2	
Slc25a4	
Nxf3	
Aox3	
Hspg2	
Upf1	
S100a13	
Gm41693	
Rhox6	
Nsg2	
Samd8	
Cmip	
Eml2	
Nlk	
Gpat3	
Chmp1a	
Tinagl1	
Ap2s1	
Fam8a1	
Apobr	
Fez1	
Trmt44	
Phf13	
Dip2c	
Gm9	
Sptan1	
Tnfrsf22	
Ap5z1	
Ptpmt1	
Plce1	
Zfp2	
Map3k2	
Fam43a	
2810408I11Rik	
Bhlhb9	
Lrpap1	
Dot1l	
Card10	
Cc2d1a	
Satb2	
Pttg1ip	
Alkbh4	
Dnm2	
AI413582	
